{
  "overall_quality" : { "cnt": 6060000, "avg":35.054307, "std":6.820601, "p05": 25.000000, "p25": 35.000000, "p50": 38.000000, "p75": 38.000000, "p95": 38.000000 },
  "by_base" : {
    "A" : { "cnt": 1787314, "avg":35.637639, "std":5.103431, "p05": 28.000000, "p25": 36.000000, "p50": 37.000000, "p75": 38.000000, "p95": 38.000000 },
    "C" : { "cnt": 1198212, "avg":35.765676, "std":5.433288, "p05": 28.000000, "p25": 36.000000, "p50": 38.000000, "p75": 38.000000, "p95": 38.000000 },
    "G" : { "cnt": 1208018, "avg":35.321793, "std":5.644417, "p05": 26.000000, "p25": 35.000000, "p50": 37.000000, "p75": 38.000000, "p95": 38.000000 },
    "T" : { "cnt": 1773533, "avg":35.640286, "std":5.060141, "p05": 28.000000, "p25": 36.000000, "p50": 38.000000, "p75": 38.000000, "p95": 38.000000 },
    "N" : { "cnt": 92923, "avg":0.000000, "std":0.000000, "p05": 0.000000, "p25": 0.000000, "p50": 0.000000, "p75": 0.000000, "p95": 0.000000 },
    "other" : { "cnt": 0, "avg":0.000000, "std":0.000000, "p05": -1.000000, "p25": -1.000000, "p50": -1.000000, "p75": -1.000000, "p95": -1.000000 }
  },
  "by_position" : {
    1 : { "cnt": 60000, "avg":18.414933, "std":18.627291, "p05": 0.000000, "p25": 0.000000, "p50": 0.000000, "p75": 38.000000, "p95": 38.000000 },
    2 : { "cnt": 60000, "avg":36.749917, "std":3.158630, "p05": 32.000000, "p25": 37.000000, "p50": 38.000000, "p75": 38.000000, "p95": 38.000000 },
    3 : { "cnt": 60000, "avg":36.602450, "std":3.704205, "p05": 30.000000, "p25": 37.000000, "p50": 38.000000, "p75": 38.000000, "p95": 38.000000 },
    4 : { "cnt": 60000, "avg":36.531917, "std":3.887949, "p05": 30.000000, "p25": 37.000000, "p50": 38.000000, "p75": 38.000000, "p95": 38.000000 },
    5 : { "cnt": 60000, "avg":36.560550, "std":3.867075, "p05": 30.000000, "p25": 37.000000, "p50": 38.000000, "p75": 38.000000, "p95": 38.000000 },
    6 : { "cnt": 60000, "avg":36.611600, "std":3.755278, "p05": 30.000000, "p25": 37.000000, "p50": 38.000000, "p75": 38.000000, "p95": 38.000000 },
    7 : { "cnt": 60000, "avg":36.666483, "std":3.670697, "p05": 32.000000, "p25": 37.000000, "p50": 38.000000, "p75": 38.000000, "p95": 38.000000 },
    8 : { "cnt": 60000, "avg":36.496417, "std":3.996088, "p05": 30.000000, "p25": 37.000000, "p50": 38.000000, "p75": 38.000000, "p95": 38.000000 },
    9 : { "cnt": 60000, "avg":36.546067, "std":3.887803, "p05": 30.000000, "p25": 37.000000, "p50": 38.000000, "p75": 38.000000, "p95": 38.000000 },
    10 : { "cnt": 60000, "avg":36.517250, "std":3.920634, "p05": 30.000000, "p25": 37.000000, "p50": 38.000000, "p75": 38.000000, "p95": 38.000000 },
    11 : { "cnt": 60000, "avg":36.592200, "std":3.756288, "p05": 30.000000, "p25": 37.000000, "p50": 38.000000, "p75": 38.000000, "p95": 38.000000 },
    12 : { "cnt": 60000, "avg":36.620017, "std":3.684783, "p05": 31.000000, "p25": 37.000000, "p50": 38.000000, "p75": 38.000000, "p95": 38.000000 },
    13 : { "cnt": 60000, "avg":36.576817, "std":3.769965, "p05": 31.000000, "p25": 37.000000, "p50": 38.000000, "p75": 38.000000, "p95": 38.000000 },
    14 : { "cnt": 60000, "avg":36.558333, "std":3.788685, "p05": 30.000000, "p25": 37.000000, "p50": 38.000000, "p75": 38.000000, "p95": 38.000000 },
    15 : { "cnt": 60000, "avg":36.485000, "std":3.887009, "p05": 30.000000, "p25": 37.000000, "p50": 38.000000, "p75": 38.000000, "p95": 38.000000 },
    16 : { "cnt": 60000, "avg":36.476833, "std":3.968396, "p05": 30.000000, "p25": 37.000000, "p50": 38.000000, "p75": 38.000000, "p95": 38.000000 },
    17 : { "cnt": 60000, "avg":36.479400, "std":4.023043, "p05": 30.000000, "p25": 37.000000, "p50": 38.000000, "p75": 38.000000, "p95": 38.000000 },
    18 : { "cnt": 60000, "avg":36.455150, "std":3.989961, "p05": 30.000000, "p25": 37.000000, "p50": 38.000000, "p75": 38.000000, "p95": 38.000000 },
    19 : { "cnt": 60000, "avg":36.409017, "std":4.074959, "p05": 30.000000, "p25": 36.000000, "p50": 38.000000, "p75": 38.000000, "p95": 38.000000 },
    20 : { "cnt": 60000, "avg":36.451750, "std":4.015828, "p05": 30.000000, "p25": 37.000000, "p50": 38.000000, "p75": 38.000000, "p95": 38.000000 },
    21 : { "cnt": 60000, "avg":36.426917, "std":4.013294, "p05": 30.000000, "p25": 36.000000, "p50": 38.000000, "p75": 38.000000, "p95": 38.000000 },
    22 : { "cnt": 60000, "avg":36.422667, "std":4.116732, "p05": 30.000000, "p25": 36.000000, "p50": 38.000000, "p75": 38.000000, "p95": 38.000000 },
    23 : { "cnt": 60000, "avg":36.334600, "std":4.189949, "p05": 30.000000, "p25": 36.000000, "p50": 38.000000, "p75": 38.000000, "p95": 38.000000 },
    24 : { "cnt": 60000, "avg":36.360383, "std":4.165854, "p05": 30.000000, "p25": 36.000000, "p50": 38.000000, "p75": 38.000000, "p95": 38.000000 },
    25 : { "cnt": 60000, "avg":36.360000, "std":4.190620, "p05": 30.000000, "p25": 36.000000, "p50": 38.000000, "p75": 38.000000, "p95": 38.000000 },
    26 : { "cnt": 60000, "avg":36.341200, "std":4.287161, "p05": 30.000000, "p25": 36.000000, "p50": 38.000000, "p75": 38.000000, "p95": 38.000000 },
    27 : { "cnt": 60000, "avg":36.346467, "std":4.314189, "p05": 30.000000, "p25": 36.000000, "p50": 38.000000, "p75": 38.000000, "p95": 38.000000 },
    28 : { "cnt": 60000, "avg":36.295200, "std":4.411858, "p05": 30.000000, "p25": 36.000000, "p50": 38.000000, "p75": 38.000000, "p95": 38.000000 },
    29 : { "cnt": 60000, "avg":36.203383, "std":4.558909, "p05": 30.000000, "p25": 36.000000, "p50": 38.000000, "p75": 38.000000, "p95": 38.000000 },
    30 : { "cnt": 60000, "avg":36.244283, "std":4.570395, "p05": 30.000000, "p25": 36.000000, "p50": 38.000000, "p75": 38.000000, "p95": 38.000000 },
    31 : { "cnt": 60000, "avg":36.229800, "std":4.633270, "p05": 30.000000, "p25": 36.000000, "p50": 38.000000, "p75": 38.000000, "p95": 38.000000 },
    32 : { "cnt": 60000, "avg":36.132550, "std":4.710437, "p05": 29.000000, "p25": 36.000000, "p50": 38.000000, "p75": 38.000000, "p95": 38.000000 },
    33 : { "cnt": 60000, "avg":36.088217, "std":4.750670, "p05": 28.000000, "p25": 36.000000, "p50": 38.000000, "p75": 38.000000, "p95": 38.000000 },
    34 : { "cnt": 60000, "avg":36.152517, "std":4.631805, "p05": 29.000000, "p25": 36.000000, "p50": 38.000000, "p75": 38.000000, "p95": 38.000000 },
    35 : { "cnt": 60000, "avg":36.125883, "std":4.662428, "p05": 29.000000, "p25": 36.000000, "p50": 38.000000, "p75": 38.000000, "p95": 38.000000 },
    36 : { "cnt": 60000, "avg":36.114417, "std":4.712026, "p05": 29.000000, "p25": 36.000000, "p50": 38.000000, "p75": 38.000000, "p95": 38.000000 },
    37 : { "cnt": 60000, "avg":36.080633, "std":4.778431, "p05": 29.000000, "p25": 36.000000, "p50": 38.000000, "p75": 38.000000, "p95": 38.000000 },
    38 : { "cnt": 60000, "avg":36.053000, "std":4.829585, "p05": 29.000000, "p25": 36.000000, "p50": 38.000000, "p75": 38.000000, "p95": 38.000000 },
    39 : { "cnt": 60000, "avg":36.031050, "std":4.828590, "p05": 29.000000, "p25": 36.000000, "p50": 38.000000, "p75": 38.000000, "p95": 38.000000 },
    40 : { "cnt": 60000, "avg":35.924000, "std":5.015176, "p05": 28.000000, "p25": 36.000000, "p50": 38.000000, "p75": 38.000000, "p95": 38.000000 },
    41 : { "cnt": 60000, "avg":35.928633, "std":5.059787, "p05": 28.000000, "p25": 36.000000, "p50": 38.000000, "p75": 38.000000, "p95": 38.000000 },
    42 : { "cnt": 60000, "avg":35.932017, "std":5.076727, "p05": 28.000000, "p25": 36.000000, "p50": 38.000000, "p75": 38.000000, "p95": 38.000000 },
    43 : { "cnt": 60000, "avg":35.886500, "std":5.135892, "p05": 28.000000, "p25": 36.000000, "p50": 38.000000, "p75": 38.000000, "p95": 38.000000 },
    44 : { "cnt": 60000, "avg":35.760183, "std":5.240872, "p05": 28.000000, "p25": 36.000000, "p50": 38.000000, "p75": 38.000000, "p95": 38.000000 },
    45 : { "cnt": 60000, "avg":35.833783, "std":5.181186, "p05": 28.000000, "p25": 36.000000, "p50": 38.000000, "p75": 38.000000, "p95": 38.000000 },
    46 : { "cnt": 60000, "avg":35.803217, "std":5.269781, "p05": 28.000000, "p25": 36.000000, "p50": 38.000000, "p75": 38.000000,